{"cameraMode":{"drawMode":0,"name":"Shaded","section":"Shading Mode"},"sceneLighting":false,"audioPlay":false,"sceneViewState":{"showFog":true,"showMaterialUpdate":false,"showSkybox":true,"showFlares":true,"showImageEffects":true,"showParticleSystems":true},"in2DMode":false,"pivot":{"x":0.039999961853027347,"y":-0.28000009059906008,"z":5.750329494476318},"rotation":{"x":0.040044378489255908,"y":0.9491754174232483,"z":-0.13502760231494904,"w":0.28149041533470156},"size":29.572723388671876,"orthographic":false}