{"cameraMode":{"drawMode":0,"name":"Shaded","section":"Shading Mode"},"sceneLighting":false,"audioPlay":false,"sceneViewState":{"showFog":true,"showMaterialUpdate":false,"showSkybox":true,"showFlares":true,"showImageEffects":true,"showParticleSystems":true},"in2DMode":false,"pivot":{"x":-0.014882124960422516,"y":-0.0005195662379264832,"z":-0.036508139222860339},"rotation":{"x":0.040044378489255908,"y":0.9491754174232483,"z":-0.13502760231494904,"w":0.28149041533470156},"size":2.956591844558716,"orthographic":false}